Name,label
32_9_0.jpg,32
18_1_0.jpg,18
20_2_0.jpg,20
18_17_0.jpg,18
49_2_0.jpg,49
43_6_0.jpg,43
1_11_0.jpg,1
37_3_0.jpg,37
25_2_0.jpg,25
1_10_0.jpg,1
13_1_0.jpg,13
4_8_0.jpg,4
15_11_0.jpg,15
9_3_0.jpg,9
45_15_0.jpg,45
25_4_0.jpg,25
18_8_0.jpg,18
5_8_0.jpg,5
25_1_0.jpg,25
14_6_0.jpg,14
6_4_0.jpg,6
25_12_0.jpg,25
34_3_0.jpg,34
46_4_0.jpg,46
21_10_0.jpg,21
0_3_0.jpg,0
3_1_0.jpg,3
16_1_0.jpg,16
17_0_0.jpg,17
7_4_0.jpg,7
41_11_0.jpg,41
17_13_0.jpg,17
44_2_0.jpg,44
36_13_0.jpg,36
3_7_0.jpg,3
26_7_0.jpg,26
36_2_0.jpg,36
4_18_0.jpg,4
48_16_0.jpg,48
41_3_0.jpg,41
28_13_0.jpg,28
14_7_0.jpg,14
46_8_0.jpg,46
33_3_0.jpg,33
38_4_0.jpg,38
16_7_0.jpg,16
13_7_0.jpg,13
49_0_0.jpg,49
19_0_0.jpg,19
38_5_0.jpg,38
8_8_0.jpg,8
39_2_0.jpg,39
22_4_0.jpg,22
15_17_0.jpg,15
18_3_0.jpg,18
17_8_0.jpg,17
7_11_0.jpg,7
44_0_0.jpg,44
31_9_0.jpg,31
38_3_0.jpg,38
25_5_0.jpg,25
45_10_0.jpg,45
5_7_0.jpg,5
48_7_0.jpg,48
6_7_0.jpg,6
21_4_0.jpg,21
37_7_0.jpg,37
18_4_0.jpg,18
0_11_0.jpg,0
48_11_0.jpg,48
9_8_0.jpg,9
47_3_0.jpg,47
28_15_0.jpg,28
32_18_0.jpg,32
5_6_0.jpg,5
29_10_0.jpg,29
25_14_0.jpg,25
43_12_0.jpg,43
23_0_0.jpg,23
43_2_0.jpg,43
44_6_0.jpg,44
38_9_0.jpg,38
41_6_0.jpg,41
1_21_0.jpg,1
31_6_0.jpg,31
41_7_0.jpg,41
4_0_0.jpg,4
17_3_0.jpg,17
27_20_0.jpg,27
20_5_0.jpg,20
18_18_0.jpg,18
16_5_0.jpg,16
2_4_0.jpg,2
17_11_0.jpg,17
8_5_0.jpg,8
27_2_0.jpg,27
12_2_0.jpg,12
34_2_0.jpg,34
36_11_0.jpg,36
11_0_0.jpg,11
0_7_0.jpg,0
4_11_0.jpg,4
15_18_0.jpg,15
39_12_0.jpg,39
24_6_0.jpg,24
2_5_0.jpg,2
18_22_0.jpg,18
3_13_0.jpg,3
3_9_0.jpg,3
18_5_0.jpg,18
16_6_0.jpg,16
15_5_0.jpg,15
4_14_0.jpg,4
4_6_0.jpg,4
33_8_0.jpg,33
5_4_0.jpg,5
36_14_0.jpg,36
2_11_0.jpg,2
8_0_0.jpg,8
20_1_0.jpg,20
18_15_0.jpg,18
37_4_0.jpg,37
1_13_0.jpg,1
19_4_0.jpg,19
24_5_0.jpg,24
39_1_0.jpg,39
10_5_0.jpg,10
8_3_0.jpg,8
45_3_0.jpg,45
14_2_0.jpg,14
1_7_0.jpg,1
4_12_0.jpg,4
30_5_0.jpg,30
43_0_0.jpg,43
26_4_0.jpg,26
1_19_0.jpg,1
29_3_0.jpg,29
34_10_0.jpg,34
41_1_0.jpg,41
8_4_0.jpg,8
29_11_0.jpg,29
5_2_0.jpg,5
15_13_0.jpg,15
42_10_0.jpg,42
42_11_0.jpg,42
6_8_0.jpg,6
6_5_0.jpg,6
21_3_0.jpg,21
0_10_0.jpg,0
7_8_0.jpg,7
17_14_0.jpg,17
30_0_0.jpg,30
28_12_0.jpg,28
45_12_0.jpg,45
31_4_0.jpg,31
41_2_0.jpg,41
22_5_0.jpg,22
22_11_0.jpg,22
45_9_0.jpg,45
40_7_0.jpg,40
43_1_0.jpg,43
31_11_0.jpg,31
3_11_0.jpg,3
3_3_0.jpg,3
16_0_0.jpg,16
33_10_0.jpg,33
17_12_0.jpg,17
28_2_0.jpg,28
0_12_0.jpg,0
31_3_0.jpg,31
44_4_0.jpg,44
29_7_0.jpg,29
29_1_0.jpg,29
18_16_0.jpg,18
43_8_0.jpg,43
32_8_0.jpg,32
10_6_0.jpg,10
48_6_0.jpg,48
11_2_0.jpg,11
6_6_0.jpg,6
14_3_0.jpg,14
1_15_0.jpg,1
2_6_0.jpg,2
22_10_0.jpg,22
34_6_0.jpg,34
46_5_0.jpg,46
33_7_0.jpg,33
18_7_0.jpg,18
26_0_0.jpg,26
42_12_0.jpg,42
44_10_0.jpg,44
14_12_0.jpg,14
48_12_0.jpg,48
49_4_0.jpg,49
27_12_0.jpg,27
31_1_0.jpg,31
22_3_0.jpg,22
33_5_0.jpg,33
12_7_0.jpg,12
3_12_0.jpg,3
5_1_0.jpg,5
47_7_0.jpg,47
45_7_0.jpg,45
23_3_0.jpg,23
0_5_0.jpg,0
27_10_0.jpg,27
21_6_0.jpg,21
10_8_0.jpg,10
4_1_0.jpg,4
27_5_0.jpg,27
29_5_0.jpg,29
28_4_0.jpg,28
22_2_0.jpg,22
35_8_0.jpg,35
22_0_0.jpg,22
21_1_0.jpg,21
48_14_0.jpg,48
5_5_0.jpg,5
43_11_0.jpg,43
2_9_0.jpg,2
33_6_0.jpg,33
13_2_0.jpg,13
33_2_0.jpg,33
18_21_0.jpg,18
15_1_0.jpg,15
34_4_0.jpg,34
1_0_0.jpg,1
3_8_0.jpg,3
32_17_0.jpg,32
0_4_0.jpg,0
10_7_0.jpg,10
9_7_0.jpg,9
28_8_0.jpg,28
28_3_0.jpg,28
7_0_0.jpg,7
15_2_0.jpg,15
0_6_0.jpg,0
42_13_0.jpg,42
31_5_0.jpg,31
1_14_0.jpg,1
1_22_0.jpg,1
11_5_0.jpg,11
19_2_0.jpg,19
3_6_0.jpg,3
46_9_0.jpg,46
48_4_0.jpg,48
46_6_0.jpg,46
1_16_0.jpg,1
17_9_0.jpg,17
12_9_0.jpg,12
33_0_0.jpg,33
16_10_0.jpg,16
9_0_0.jpg,9
27_0_0.jpg,27
30_8_0.jpg,30
35_7_0.jpg,35
4_15_0.jpg,4
49_7_0.jpg,49
7_16_0.jpg,7
0_1_0.jpg,0
11_4_0.jpg,11
33_1_0.jpg,33
24_8_0.jpg,24
7_2_0.jpg,7
39_7_0.jpg,39
15_7_0.jpg,15
26_2_0.jpg,26
4_19_0.jpg,4
14_0_0.jpg,14
1_5_0.jpg,1
4_2_0.jpg,4
12_4_0.jpg,12
34_11_0.jpg,34
4_3_0.jpg,4
44_5_0.jpg,44
43_3_0.jpg,43
14_8_0.jpg,14
1_25_0.jpg,1
40_0_0.jpg,40
16_12_0.jpg,16
36_5_0.jpg,36
42_1_0.jpg,42
7_13_0.jpg,7
1_23_0.jpg,1
26_5_0.jpg,26
32_2_0.jpg,32
48_0_0.jpg,48
41_5_0.jpg,41
48_3_0.jpg,48
34_8_0.jpg,34
48_2_0.jpg,48
25_15_0.jpg,25
31_12_0.jpg,31
22_1_0.jpg,22
9_2_0.jpg,9
48_1_0.jpg,48
21_8_0.jpg,21
26_10_0.jpg,26
18_9_0.jpg,18
13_5_0.jpg,13
23_7_0.jpg,23
25_7_0.jpg,25
6_1_0.jpg,6
39_11_0.jpg,39
47_8_0.jpg,47
23_6_0.jpg,23
33_9_0.jpg,33
33_4_0.jpg,33
38_6_0.jpg,38
23_4_0.jpg,23
40_6_0.jpg,40
45_11_0.jpg,45
42_7_0.jpg,42
6_3_0.jpg,6
24_3_0.jpg,24
36_6_0.jpg,36
15_6_0.jpg,15
31_0_0.jpg,31
49_9_0.jpg,49
3_4_0.jpg,3
24_2_0.jpg,24
10_2_0.jpg,10
20_7_0.jpg,20
44_1_0.jpg,44
13_0_0.jpg,13
47_9_0.jpg,47
32_15_0.jpg,32
48_5_0.jpg,48
18_13_0.jpg,18
15_16_0.jpg,15
17_1_0.jpg,17
46_3_0.jpg,46
27_8_0.jpg,27
38_8_0.jpg,38
39_14_0.jpg,39
49_8_0.jpg,49
12_10_0.jpg,12
12_6_0.jpg,12
29_0_0.jpg,29
32_7_0.jpg,32
9_5_0.jpg,9
14_5_0.jpg,14
32_16_0.jpg,32
3_10_0.jpg,3
7_7_0.jpg,7
31_10_0.jpg,31
32_14_0.jpg,32
18_19_0.jpg,18
1_17_0.jpg,1
1_1_0.jpg,1
44_9_0.jpg,44
29_9_0.jpg,29
36_12_0.jpg,36
15_15_0.jpg,15
42_2_0.jpg,42
14_4_0.jpg,14
30_9_0.jpg,30
35_1_0.jpg,35
11_3_0.jpg,11
18_12_0.jpg,18
26_11_0.jpg,26
20_3_0.jpg,20
32_13_0.jpg,32
39_10_0.jpg,39
39_6_0.jpg,39
38_1_0.jpg,38
28_0_0.jpg,28
10_1_0.jpg,10
2_2_0.jpg,2
21_0_0.jpg,21
17_2_0.jpg,17
32_1_0.jpg,32
46_7_0.jpg,46
17_5_0.jpg,17
18_11_0.jpg,18
42_9_0.jpg,42
13_4_0.jpg,13
7_1_0.jpg,7
35_6_0.jpg,35
16_11_0.jpg,16
4_5_0.jpg,4
48_13_0.jpg,48
27_23_0.jpg,27
39_8_0.jpg,39
27_9_0.jpg,27
28_10_0.jpg,28
40_5_0.jpg,40
10_9_0.jpg,10
1_18_0.jpg,1
5_3_0.jpg,5
31_7_0.jpg,31
47_6_0.jpg,47
6_2_0.jpg,6
43_5_0.jpg,43
39_5_0.jpg,39
7_14_0.jpg,7
27_21_0.jpg,27
46_1_0.jpg,46
45_4_0.jpg,45
7_10_0.jpg,7
45_13_0.jpg,45
35_0_0.jpg,35
5_0_0.jpg,5
34_9_0.jpg,34
27_1_0.jpg,27
20_6_0.jpg,20
11_7_0.jpg,11
42_8_0.jpg,42
24_0_0.jpg,24
26_15_0.jpg,26
25_0_0.jpg,25
23_2_0.jpg,23
2_10_0.jpg,2
17_4_0.jpg,17
37_5_0.jpg,37
27_11_0.jpg,27
27_6_0.jpg,27
36_1_0.jpg,36
32_6_0.jpg,32
24_10_0.jpg,24
40_8_0.jpg,40
14_1_0.jpg,14
27_22_0.jpg,27
26_9_0.jpg,26
41_9_0.jpg,41
7_15_0.jpg,7
28_6_0.jpg,28
16_2_0.jpg,16
10_0_0.jpg,10
25_11_0.jpg,25
15_8_0.jpg,15
2_1_0.jpg,2
32_5_0.jpg,32
15_9_0.jpg,15
9_6_0.jpg,9
25_10_0.jpg,25
8_9_0.jpg,8
28_9_0.jpg,28
47_2_0.jpg,47
23_5_0.jpg,23
45_6_0.jpg,45
15_4_0.jpg,15
28_5_0.jpg,28
21_5_0.jpg,21
36_10_0.jpg,36
42_0_0.jpg,42
32_12_0.jpg,32
48_10_0.jpg,48
1_3_0.jpg,1
28_7_0.jpg,28
18_6_0.jpg,18
26_14_0.jpg,26
7_17_0.jpg,7
46_2_0.jpg,46
17_16_0.jpg,17
22_7_0.jpg,22
20_4_0.jpg,20
15_3_0.jpg,15
42_6_0.jpg,42
48_17_0.jpg,48
36_7_0.jpg,36
1_30_0.jpg,1
43_13_0.jpg,43
1_28_0.jpg,1
3_2_0.jpg,3
7_6_0.jpg,7
21_9_0.jpg,21
14_9_0.jpg,14
13_6_0.jpg,13
19_6_0.jpg,19
14_10_0.jpg,14
2_7_0.jpg,2
16_4_0.jpg,16
34_0_0.jpg,34
2_12_0.jpg,2
47_5_0.jpg,47
8_7_0.jpg,8
18_14_0.jpg,18
39_4_0.jpg,39
18_20_0.jpg,18
45_8_0.jpg,45
25_8_0.jpg,25
44_3_0.jpg,44
38_0_0.jpg,38
19_3_0.jpg,19
21_7_0.jpg,21
12_1_0.jpg,12
1_20_0.jpg,1
26_16_0.jpg,26
31_8_0.jpg,31
4_7_0.jpg,4
2_3_0.jpg,2
47_0_0.jpg,47
22_8_0.jpg,22
0_8_0.jpg,0
13_8_0.jpg,13
44_8_0.jpg,44
34_1_0.jpg,34
36_3_0.jpg,36
1_4_0.jpg,1
26_17_0.jpg,26
28_14_0.jpg,28
1_24_0.jpg,1
10_3_0.jpg,10
39_0_0.jpg,39
12_5_0.jpg,12
25_13_0.jpg,25
19_1_0.jpg,19
27_3_0.jpg,27
17_15_0.jpg,17
25_6_0.jpg,25
27_16_0.jpg,27
37_2_0.jpg,37
15_10_0.jpg,15
27_18_0.jpg,27
4_10_0.jpg,4
37_8_0.jpg,37
32_10_0.jpg,32
29_4_0.jpg,29
16_8_0.jpg,16
45_2_0.jpg,45
48_9_0.jpg,48
3_0_0.jpg,3
35_4_0.jpg,35
43_9_0.jpg,43
0_0_0.jpg,0
7_12_0.jpg,7
36_8_0.jpg,36
43_10_0.jpg,43
37_1_0.jpg,37
35_5_0.jpg,35
7_5_0.jpg,7
39_13_0.jpg,39
0_13_0.jpg,0
42_4_0.jpg,42
30_2_0.jpg,30
6_10_0.jpg,6
14_11_0.jpg,14
42_3_0.jpg,42
10_4_0.jpg,10
27_15_0.jpg,27
15_12_0.jpg,15
8_2_0.jpg,8
43_4_0.jpg,43
20_0_0.jpg,20
49_3_0.jpg,49
40_3_0.jpg,40
24_1_0.jpg,24
34_5_0.jpg,34
26_6_0.jpg,26
48_15_0.jpg,48
11_9_0.jpg,11
18_10_0.jpg,18
1_27_0.jpg,1
17_7_0.jpg,17
18_2_0.jpg,18
41_8_0.jpg,41
34_7_0.jpg,34
16_9_0.jpg,16
32_3_0.jpg,32
27_7_0.jpg,27
41_0_0.jpg,41
40_4_0.jpg,40
25_9_0.jpg,25
36_0_0.jpg,36
26_8_0.jpg,26
4_4_0.jpg,4
15_0_0.jpg,15
45_1_0.jpg,45
29_2_0.jpg,29
48_8_0.jpg,48
31_2_0.jpg,31
17_17_0.jpg,17
30_4_0.jpg,30
4_13_0.jpg,4
7_3_0.jpg,7
8_1_0.jpg,8
47_4_0.jpg,47
4_16_0.jpg,4
25_3_0.jpg,25
27_4_0.jpg,27
46_0_0.jpg,46
39_9_0.jpg,39
45_14_0.jpg,45
36_4_0.jpg,36
29_6_0.jpg,29
13_3_0.jpg,13
15_14_0.jpg,15
37_6_0.jpg,37
12_3_0.jpg,12
49_6_0.jpg,49
22_6_0.jpg,22
36_9_0.jpg,36
30_6_0.jpg,30
19_5_0.jpg,19
1_2_0.jpg,1
3_5_0.jpg,3
38_7_0.jpg,38
49_5_0.jpg,49
11_6_0.jpg,11
37_0_0.jpg,37
35_3_0.jpg,35
27_17_0.jpg,27
17_6_0.jpg,17
0_9_0.jpg,0
1_29_0.jpg,1
43_7_0.jpg,43
6_9_0.jpg,6
1_9_0.jpg,1
41_10_0.jpg,41
44_7_0.jpg,44
12_8_0.jpg,12
11_8_0.jpg,11
18_0_0.jpg,18
32_11_0.jpg,32
30_1_0.jpg,30
47_1_0.jpg,47
23_1_0.jpg,23
45_0_0.jpg,45
41_4_0.jpg,41
28_11_0.jpg,28
48_18_0.jpg,48
35_2_0.jpg,35
27_14_0.jpg,27
42_5_0.jpg,42
7_9_0.jpg,7
13_9_0.jpg,13
45_16_0.jpg,45
32_0_0.jpg,32
40_1_0.jpg,40
26_12_0.jpg,26
4_9_0.jpg,4
24_9_0.jpg,24
22_9_0.jpg,22
34_12_0.jpg,34
26_1_0.jpg,26
29_8_0.jpg,29
1_8_0.jpg,1
32_4_0.jpg,32
17_10_0.jpg,17
16_3_0.jpg,16
26_13_0.jpg,26
9_4_0.jpg,9
20_8_0.jpg,20
39_3_0.jpg,39
19_7_0.jpg,19
0_2_0.jpg,0
28_1_0.jpg,28
9_1_0.jpg,9
4_17_0.jpg,4
19_8_0.jpg,19
8_6_0.jpg,8
45_5_0.jpg,45
40_2_0.jpg,40
24_7_0.jpg,24
24_4_0.jpg,24
27_13_0.jpg,27
30_7_0.jpg,30
44_11_0.jpg,44
27_19_0.jpg,27
49_1_0.jpg,49
2_8_0.jpg,2
26_3_0.jpg,26
21_2_0.jpg,21
1_26_0.jpg,1
11_1_0.jpg,11
1_6_0.jpg,1
1_12_0.jpg,1
2_0_0.jpg,2
30_3_0.jpg,30
38_2_0.jpg,38
6_0_0.jpg,6
12_0_0.jpg,12
